Sl. No.,State/UT,Murder (Sec.302 IPC)- Murder (Sec.302 IPC) - I - ( Col. 3),Murder (Sec.302 IPC)- Murder (Sec.302 IPC) - V - ( Col. 4),Murder (Sec.302 IPC)- Murder (Sec.302 IPC) - R - ( Col. 5),Murder (Sec.302 IPC)- A) Murder with Rape/POCSO - I - ( Col. 6),Murder (Sec.302 IPC)- A) Murder with Rape/POCSO - V - ( Col. 7),Murder (Sec.302 IPC)- A) Murder with Rape/POCSO - R - ( Col. 8),Murder (Sec.302 IPC)- B) Other Murder - I - ( Col. 9),Murder (Sec.302 IPC)- B) Other Murder - V - ( Col. 10),Murder (Sec.302 IPC)- B) Other Murder - R - ( Col. 11),Abetment of Suicide of Child (Sec.305 IPC) - I - ( Col. 12),Abetment of Suicide of Child (Sec.305 IPC) - V - ( Col. 13),Abetment of Suicide of Child (Sec.305 IPC) - R - ( Col. 14),Attempt to Commit Murder (Sec. 307 IPC) - I - ( Col. 15),Attempt to Commit Murder (Sec. 307 IPC) - V - ( Col. 16),Attempt to Commit Murder (Sec. 307 IPC) - R - ( Col. 17),Infanticide (Sec.315 IPC) - I - ( Col. 18),Infanticide (Sec.315 IPC) - V - ( Col. 19),Infanticide (Sec.315 IPC) - R - ( Col. 20),Foeticide (Sec. 315 & 316 IPC) - I - ( Col. 21),Foeticide (Sec. 315 & 316 IPC) - V - ( Col. 22),Foeticide (Sec. 315 & 316 IPC) - R - ( Col. 23),Exposure and Abandonment (Sec.317 IPC) - I - ( Col. 24),Exposure and Abandonment (Sec.317 IPC) - V - ( Col. 25),Exposure and Abandonment (Sec.317 IPC) - R - ( Col. 26),"Simple Hurt (Sec.323 r/w 324,332,353, 327,328,330 IPC) - I - ( Col. 27)","Simple Hurt (Sec.323 r/w 324,332,353, 327,328,330 IPC) - V - ( Col. 28)","Simple Hurt (Sec.323 r/w 324,332,353, 327,328,330 IPC) - R - ( Col. 29)","Grievous Hurt (Sec.325,326,326A, 326B,329,331,333, 335 IPC) - I - ( Col. 30)","Grievous Hurt (Sec.325,326,326A, 326B,329,331,333, 335 IPC) - V - ( Col. 31)","Grievous Hurt (Sec.325,326,326A, 326B,329,331,333, 335 IPC) - R - ( Col. 32)","Kidnapping and Abduction of Children- Kidnapping and Abduction of Children (Sec.363,363A,364,364A, 365, 366, 366A, 367, 368, 369 IPC) - I - ( Col. 33)","Kidnapping and Abduction of Children- Kidnapping and Abduction of Children (Sec.363,363A,364,364A, 365, 366, 366A, 367, 368, 369 IPC) - V - ( Col. 34)","Kidnapping and Abduction of Children- Kidnapping and Abduction of Children (Sec.363,363A,364,364A, 365, 366, 366A, 367, 368, 369 IPC) - R - ( Col. 35)",Kidnapping and Abduction of Children- Kidnapping and Abduction (Sec. 363 IPC) - Kidnapping and Abduction (Sec. 363 IPC) (Total) - I - ( Col. 36),Kidnapping and Abduction of Children- Kidnapping and Abduction (Sec. 363 IPC) - Kidnapping and Abduction (Sec. 363 IPC) (Total) - V - ( Col. 37),Kidnapping and Abduction of Children- Kidnapping and Abduction (Sec. 363 IPC) - Kidnapping and Abduction (Sec. 363 IPC) (Total) - R - ( Col. 38),Kidnapping and Abduction of Children- Kidnapping and Abduction (Sec.363 IPC) - A) Missing Children Deemed as Kidnapped - I - ( Col. 39),Kidnapping and Abduction of Children- Kidnapping and Abduction (Sec.363 IPC) - A) Missing Children Deemed as Kidnapped - V - ( Col. 40),Kidnapping and Abduction of Children- Kidnapping and Abduction (Sec.363 IPC) - A) Missing Children Deemed as Kidnapped - R - ( Col. 41),Kidnapping and Abduction of Children- Kidnapping and Abduction (Sec.363 IPC) - B) Other Kidnapping & Abduction - I - ( Col. 42),Kidnapping and Abduction of Children- Kidnapping and Abduction (Sec.363 IPC) - B) Other Kidnapping & Abduction - V - ( Col. 43),Kidnapping and Abduction of Children- Kidnapping and Abduction (Sec.363 IPC) - B) Other Kidnapping & Abduction - R - ( Col. 44),Kidnapping and Abduction of Children- Kidnapping and Abduction for the Purpose of Begging (Sec.363A IPC) - I - ( Col. 45),Kidnapping and Abduction of Children- Kidnapping and Abduction for the Purpose of Begging (Sec.363A IPC) - V - ( Col. 46),Kidnapping and Abduction of Children- Kidnapping and Abduction for the Purpose of Begging (Sec.363A IPC) - R - ( Col. 47),Kidnapping and Abduction of Children- Kidnapping and Abduction in order to Murder (Sec.364 IPC) - I - ( Col. 48),Kidnapping and Abduction of Children- Kidnapping and Abduction in order to Murder (Sec.364 IPC) - V - ( Col. 49),Kidnapping and Abduction of Children- Kidnapping and Abduction in order to Murder (Sec.364 IPC) - R - ( Col. 50),Kidnapping and Abduction of Children- Kidnapping for Ransom (Sec.364A IPC) - I - ( Col. 51),Kidnapping and Abduction of Children- Kidnapping for Ransom (Sec.364A IPC) - V - ( Col. 52),Kidnapping and Abduction of Children- Kidnapping for Ransom (Sec.364A IPC) - R - ( Col. 53),Kidnapping and Abduction of Children- Kidnapping and Abduction of Minor Girls to compel her for marriage (Sec.366 IPC) - I - ( Col. 54),Kidnapping and Abduction of Children- Kidnapping and Abduction of Minor Girls to compel her for marriage (Sec.366 IPC) - V - ( Col. 55),Kidnapping and Abduction of Children- Kidnapping and Abduction of Minor Girls to compel her for marriage (Sec.366 IPC) - R - ( Col. 56),Kidnapping and Abduction of Children- Procuration of Minor Girls (Sec.366 A IPC) - I - ( Col. 57),Kidnapping and Abduction of Children- Procuration of Minor Girls (Sec.366 A IPC) - V - ( Col. 58),Kidnapping and Abduction of Children- Procuration of Minor Girls (Sec.366 A IPC) - R - ( Col. 59),Kidnapping and Abduction of Children- Importation of Girls from Foreign Country (Sec.366-B IPC) - I - ( Col. 60),Kidnapping and Abduction of Children- Importation of Girls from Foreign Country (Sec.366-B IPC) - V - ( Col. 61),Kidnapping and Abduction of Children- Importation of Girls from Foreign Country (Sec.366-B IPC) - R - ( Col. 62),Kidnapping and Abduction of Children- Other Kidnapping & Abduction - I - ( Col. 63),Kidnapping and Abduction of Children- Other Kidnapping & Abduction - V - ( Col. 64),Kidnapping and Abduction of Children- Other Kidnapping & Abduction - R - ( Col. 65),Human Trafficking (Sec.370 & 370A IPC) (Children only) - I - ( Col. 66),Human Trafficking (Sec.370 & 370A IPC) (Children only) - V - ( Col. 67),Human Trafficking (Sec.370 & 370A IPC) (Children only) - R - ( Col. 68),Selling of Minors for Prostitution (Sec. 372 IPC)- Selling of Minors for Prostitution (Total) - I - ( Col. 69),Selling of Minors for Prostitution (Sec. 372 IPC)- Selling of Minors for Prostitution (Total) - V - ( Col. 70),Selling of Minors for Prostitution (Sec. 372 IPC)- Selling of Minors for Prostitution (Total) - R - ( Col. 71),Selling of Minors for Prostitution (Sec. 372 IPC)- A) Boys - I - ( Col. 72),Selling of Minors for Prostitution (Sec. 372 IPC)- A) Boys - V - ( Col. 73),Selling of Minors for Prostitution (Sec. 372 IPC)- A) Boys - R - ( Col. 74),Selling of Minors for Prostitution (Sec. 372 IPC)- B) Girls - I - ( Col. 75),Selling of Minors for Prostitution (Sec. 372 IPC)- B) Girls - V - ( Col. 76),Selling of Minors for Prostitution (Sec. 372 IPC)- B) Girls - R - ( Col. 77),Buying of Minors for Prostitution (Sec. 373 IPC)- Buying of Minors for Prostitution (Total) - I - ( Col. 78),Buying of Minors for Prostitution (Sec. 373 IPC)- Buying of Minors for Prostitution (Total) - V - ( Col. 79),Buying of Minors for Prostitution (Sec. 373 IPC)- Buying of Minors for Prostitution (Total) - R - ( Col. 80),Buying of Minors for Prostitution (Sec. 373 IPC)- A) Boys - I - ( Col. 81),Buying of Minors for Prostitution (Sec. 373 IPC)- A) Boys - V - ( Col. 82),Buying of Minors for Prostitution (Sec. 373 IPC)- A) Boys - R - ( Col. 83),Buying of Minors for Prostitution (Sec. 373 IPC)- B) Girls - I - ( Col. 84),Buying of Minors for Prostitution (Sec. 373 IPC)- B) Girls - V - ( Col. 85),Buying of Minors for Prostitution (Sec. 373 IPC)- B) Girls - R - ( Col. 86),Rape (Sec. 376 IPC) - I - ( Col. 87),Rape (Sec. 376 IPC) - V - ( Col. 88),Rape (Sec. 376 IPC) - R - ( Col. 89),Attempt to Commit Rape (Sec. 376 r/w 511 IPC) - I - ( Col. 90),Attempt to Commit Rape (Sec. 376 r/w 511 IPC) - V - ( Col. 91),Attempt to Commit Rape (Sec. 376 r/w 511 IPC) - R - ( Col. 92),Assault on Women with Intent to Outrage her Modesty (Sec. 354 IPC) - I - ( Col. 93),Assault on Women with Intent to Outrage her Modesty (Sec. 354 IPC) - V - ( Col. 94),Assault on Women with Intent to Outrage her Modesty (Sec. 354 IPC) - R - ( Col. 95),Insult to the Modesty of Women (Sec. 509 IPC) - I - ( Col. 96),Insult to the Modesty of Women (Sec. 509 IPC) - V - ( Col. 97),Insult to the Modesty of Women (Sec. 509 IPC) - R - ( Col. 98),Other IPC Crimes - I - ( Col. 99),Other IPC Crimes - V - ( Col. 100),Other IPC Crimes - R - ( Col. 101),Total IPC Crimes Against Children - I - ( Col. 102),Total IPC Crimes Against Children - V - ( Col. 103),Total IPC Crimes Against Children - R - ( Col. 104),"Protection of Children from Sexual Offences Act (POCSO) r/w Sec.376,354, 509 IPC)- Protection of Children from Sexual Offences Act (Total) - I - ( Col. 105)","Protection of Children from Sexual Offences Act (POCSO) r/w Sec.376,354, 509 IPC)- Protection of Children from Sexual Offences Act (Total) - V - ( Col. 106)","Protection of Children from Sexual Offences Act (POCSO) r/w Sec.376,354, 509 IPC)- Protection of Children from Sexual Offences Act (Total) - R - ( Col. 107)","Protection of Children from Sexual Offences Act (POCSO) r/w Sec.376,354, 509 IPC)- Section 4 & 6 of POCSO Act or POCSO Act (Section 4 & 6) r/w Section 376 IPC - Section 4 & 6 of POCSO Act or POCSO Act (Section 4 & 6) r/w Section 376 IPC (Total) - I - ( Col. 108)","Protection of Children from Sexual Offences Act (POCSO) r/w Sec.376,354, 509 IPC)- Section 4 & 6 of POCSO Act or POCSO Act (Section 4 & 6) r/w Section 376 IPC - Section 4 & 6 of POCSO Act or POCSO Act (Section 4 & 6) r/w Section 376 IPC (Total) - V - ( Col. 109)","Protection of Children from Sexual Offences Act (POCSO) r/w Sec.376,354, 509 IPC)- Section 4 & 6 of POCSO Act or POCSO Act (Section 4 & 6) r/w Section 376 IPC - Section 4 & 6 of POCSO Act or POCSO Act (Section 4 & 6) r/w Section 376 IPC (Total) - R - ( Col. 110)","Protection of Children from Sexual Offences Act (POCSO) r/w Sec.376,354, 509 IPC)- Section 4 & 6 of POCSO Act or POCSO Act (Section 4 & 6) r/w Section 376 IPC - A) Girls - I - ( Col. 111)","Protection of Children from Sexual Offences Act (POCSO) r/w Sec.376,354, 509 IPC)- Section 4 & 6 of POCSO Act or POCSO Act (Section 4 & 6) r/w Section 376 IPC - A) Girls - V - ( Col. 112)","Protection of Children from Sexual Offences Act (POCSO) r/w Sec.376,354, 509 IPC)- Section 4 & 6 of POCSO Act or POCSO Act (Section 4 & 6) r/w Section 376 IPC - A) Girls - R - ( Col. 113)","Protection of Children from Sexual Offences Act (POCSO) r/w Sec.376,354, 509 IPC)- Section 4 & 6 of POCSO Act or POCSO Act (Section 4 & 6) r/w Section 376 IPC - B) Boys - I - ( Col. 114)","Protection of Children from Sexual Offences Act (POCSO) r/w Sec.376,354, 509 IPC)- Section 4 & 6 of POCSO Act or POCSO Act (Section 4 & 6) r/w Section 376 IPC - B) Boys - V - ( Col. 115)","Protection of Children from Sexual Offences Act (POCSO) r/w Sec.376,354, 509 IPC)- Section 4 & 6 of POCSO Act or POCSO Act (Section 4 & 6) r/w Section 376 IPC - B) Boys - R - ( Col. 116)","Protection of Children from Sexual Offences Act (POCSO) r/w Sec.376,354, 509 IPC)- Section 8 & 10 of POCSO Act or POCSO Act (Section 8 & 10) r/w Section 354 IPC - Section 8 & 10 of POCSO Act or POCSO Act (Section 8 & 10) r/w Section 354 IPC (Total) - I - ( Col. 117)","Protection of Children from Sexual Offences Act (POCSO) r/w Sec.376,354, 509 IPC)- Section 8 & 10 of POCSO Act or POCSO Act (Section 8 & 10) r/w Section 354 IPC - Section 8 & 10 of POCSO Act or POCSO Act (Section 8 & 10) r/w Section 354 IPC (Total) - V - ( Col. 118)","Protection of Children from Sexual Offences Act (POCSO) r/w Sec.376,354, 509 IPC)- Section 8 & 10 of POCSO Act or POCSO Act (Section 8 & 10) r/w Section 354 IPC - Section 8 & 10 of POCSO Act or POCSO Act (Section 8 & 10) r/w Section 354 IPC (Total) - R - ( Col. 119)","Protection of Children from Sexual Offences Act (POCSO) r/w Sec.376,354, 509 IPC)- Section 8 & 10 of POCSO Act or POCSO Act (Section 8 & 10) r/w Section 354 IPC - A) Girls - I - ( Col. 120)","Protection of Children from Sexual Offences Act (POCSO) r/w Sec.376,354, 509 IPC)- Section 8 & 10 of POCSO Act or POCSO Act (Section 8 & 10) r/w Section 354 IPC - A) Girls - V - ( Col. 121)","Protection of Children from Sexual Offences Act (POCSO) r/w Sec.376,354, 509 IPC)- Section 8 & 10 of POCSO Act or POCSO Act (Section 8 & 10) r/w Section 354 IPC - A) Girls - R - ( Col. 122)","Protection of Children from Sexual Offences Act (POCSO) r/w Sec.376,354, 509 IPC)- Section 8 & 10 of POCSO Act or POCSO Act (Section 8 & 10) r/w Section 354 IPC - B) Boys - I - ( Col. 123)","Protection of Children from Sexual Offences Act (POCSO) r/w Sec.376,354, 509 IPC)- Section 8 & 10 of POCSO Act or POCSO Act (Section 8 & 10) r/w Section 354 IPC - B) Boys - V - ( Col. 124)","Protection of Children from Sexual Offences Act (POCSO) r/w Sec.376,354, 509 IPC)- Section 8 & 10 of POCSO Act or POCSO Act (Section 8 & 10) r/w Section 354 IPC - B) Boys - R - ( Col. 125)","Protection of Children from Sexual Offences Act (POCSO) r/w Sec.376,354, 509 IPC)- Section 12 of POCSO Act or POCSO Act (Section 12) r/w Section 509 IPC - Section 12 of POCSO Act or POCSO Act (Section 12) r/w Section 509 IPC (Total) - I - ( Col. 126)","Protection of Children from Sexual Offences Act (POCSO) r/w Sec.376,354, 509 IPC)- Section 12 of POCSO Act or POCSO Act (Section 12) r/w Section 509 IPC - Section 12 of POCSO Act or POCSO Act (Section 12) r/w Section 509 IPC (Total) - V - ( Col. 127)","Protection of Children from Sexual Offences Act (POCSO) r/w Sec.376,354, 509 IPC)- Section 12 of POCSO Act or POCSO Act (Section 12) r/w Section 509 IPC - Section 12 of POCSO Act or POCSO Act (Section 12) r/w Section 509 IPC (Total) - R - ( Col. 128)","Protection of Children from Sexual Offences Act (POCSO) r/w Sec.376,354, 509 IPC)- Section 12 of POCSO Act or POCSO Act (Section 12) r/w Section 509 IPC - A) Girls - I - ( Col. 129)","Protection of Children from Sexual Offences Act (POCSO) r/w Sec.376,354, 509 IPC)- Section 12 of POCSO Act or POCSO Act (Section 12) r/w Section 509 IPC - A) Girls - V - ( Col. 130)","Protection of Children from Sexual Offences Act (POCSO) r/w Sec.376,354, 509 IPC)- Section 12 of POCSO Act or POCSO Act (Section 12) r/w Section 509 IPC - A) Girls - R - ( Col. 131)","Protection of Children from Sexual Offences Act (POCSO) r/w Sec.376,354, 509 IPC)- Section 12 of POCSO Act or POCSO Act (Section 12) r/w Section 509 IPC - B) Boys - I - ( Col. 132)","Protection of Children from Sexual Offences Act (POCSO) r/w Sec.376,354, 509 IPC)- Section 12 of POCSO Act or POCSO Act (Section 12) r/w Section 509 IPC - B) Boys - V - ( Col. 133)","Protection of Children from Sexual Offences Act (POCSO) r/w Sec.376,354, 509 IPC)- Section 12 of POCSO Act or POCSO Act (Section 12) r/w Section 509 IPC - B) Boys - R - ( Col. 134)","Protection of Children from Sexual Offences Act (POCSO) r/w Sec.376,354, 509 IPC)- Section 14 & 15 of POCSO Act - Section 14 & 15 of POCSO Act (Total) - I - ( Col. 135)","Protection of Children from Sexual Offences Act (POCSO) r/w Sec.376,354, 509 IPC)- Section 14 & 15 of POCSO Act - Section 14 & 15 of POCSO Act (Total) - V - ( Col. 136)","Protection of Children from Sexual Offences Act (POCSO) r/w Sec.376,354, 509 IPC)- Section 14 & 15 of POCSO Act - Section 14 & 15 of POCSO Act (Total) - R - ( Col. 137)","Protection of Children from Sexual Offences Act (POCSO) r/w Sec.376,354, 509 IPC)- Section 14 & 15 of POCSO Act - A) Girls - I - ( Col. 138)","Protection of Children from Sexual Offences Act (POCSO) r/w Sec.376,354, 509 IPC)- Section 14 & 15 of POCSO Act - A) Girls - V - ( Col. 139)","Protection of Children from Sexual Offences Act (POCSO) r/w Sec.376,354, 509 IPC)- Section 14 & 15 of POCSO Act - A) Girls - R - ( Col. 140)","Protection of Children from Sexual Offences Act (POCSO) r/w Sec.376,354, 509 IPC)- Section 14 & 15 of POCSO Act - B) Boys - I - ( Col. 141)","Protection of Children from Sexual Offences Act (POCSO) r/w Sec.376,354, 509 IPC)- Section 14 & 15 of POCSO Act - B) Boys - V - ( Col. 142)","Protection of Children from Sexual Offences Act (POCSO) r/w Sec.376,354, 509 IPC)- Section 14 & 15 of POCSO Act - B) Boys - R - ( Col. 143)","Protection of Children from Sexual Offences Act (POCSO) r/w Sec.376,354, 509 IPC)- POCSO Act r/w Section 377 IPC - POCSO Act r/w Section 377 IPC (Total) - I - ( Col. 144)","Protection of Children from Sexual Offences Act (POCSO) r/w Sec.376,354, 509 IPC)- POCSO Act r/w Section 377 IPC - POCSO Act r/w Section 377 IPC (Total) - V - ( Col. 145)","Protection of Children from Sexual Offences Act (POCSO) r/w Sec.376,354, 509 IPC)- POCSO Act r/w Section 377 IPC - POCSO Act r/w Section 377 IPC (Total) - R - ( Col. 146)","Protection of Children from Sexual Offences Act (POCSO) r/w Sec.376,354, 509 IPC)- POCSO Act r/w Section 377 IPC - A) Girls - I - ( Col. 147)","Protection of Children from Sexual Offences Act (POCSO) r/w Sec.376,354, 509 IPC)- POCSO Act r/w Section 377 IPC - A) Girls - V - ( Col. 148)","Protection of Children from Sexual Offences Act (POCSO) r/w Sec.376,354, 509 IPC)- POCSO Act r/w Section 377 IPC - A) Girls - R - ( Col. 149)","Protection of Children from Sexual Offences Act (POCSO) r/w Sec.376,354, 509 IPC)- POCSO Act r/w Section 377 IPC - B) Boys - I - ( Col. 150)","Protection of Children from Sexual Offences Act (POCSO) r/w Sec.376,354, 509 IPC)- POCSO Act r/w Section 377 IPC - B) Boys - V - ( Col. 151)","Protection of Children from Sexual Offences Act (POCSO) r/w Sec.376,354, 509 IPC)- POCSO Act r/w Section 377 IPC - B) Boys - R - ( Col. 152)","Protection of Children from Sexual Offences Act (POCSO) r/w Sec.376,354, 509 IPC)- POCSO Act r/w Section 377 IPC - Sections 17 to 22 of POCSO Act - I - ( Col. 153)","Protection of Children from Sexual Offences Act (POCSO) r/w Sec.376,354, 509 IPC)- POCSO Act r/w Section 377 IPC - Sections 17 to 22 of POCSO Act - V - ( Col. 154)","Protection of Children from Sexual Offences Act (POCSO) r/w Sec.376,354, 509 IPC)- POCSO Act r/w Section 377 IPC - Sections 17 to 22 of POCSO Act - R - ( Col. 155)","Protection of Children from Sexual Offences Act (POCSO) r/w Sec.376,354, 509 IPC)- POCSO Act r/w Section 377 IPC - A) Girls - I - ( Col. 156)","Protection of Children from Sexual Offences Act (POCSO) r/w Sec.376,354, 509 IPC)- POCSO Act r/w Section 377 IPC - A) Girls - V - ( Col. 157)","Protection of Children from Sexual Offences Act (POCSO) r/w Sec.376,354, 509 IPC)- POCSO Act r/w Section 377 IPC - A) Girls - R - ( Col. 158)","Protection of Children from Sexual Offences Act (POCSO) r/w Sec.376,354, 509 IPC)- POCSO Act r/w Section 377 IPC - B) Boys - I - ( Col. 159)","Protection of Children from Sexual Offences Act (POCSO) r/w Sec.376,354, 509 IPC)- POCSO Act r/w Section 377 IPC - B) Boys - V - ( Col. 160)","Protection of Children from Sexual Offences Act (POCSO) r/w Sec.376,354, 509 IPC)- POCSO Act r/w Section 377 IPC - B) Boys - R - ( Col. 161)",Juvenile Justice (Care and Protection of Children) Act- Juvenile Justice (Care and Protection of Children) Act (Total) - I - ( Col. 162),Juvenile Justice (Care and Protection of Children) Act- Juvenile Justice (Care and Protection of Children) Act (Total) - V - ( Col. 163),Juvenile Justice (Care and Protection of Children) Act- Juvenile Justice (Care and Protection of Children) Act (Total) - R - ( Col. 164),Juvenile Justice (Care and Protection of Children) Act- A) Offences by Care Takers/In-charge of Juvenile Homes - I - ( Col. 165),Juvenile Justice (Care and Protection of Children) Act- A) Offences by Care Takers/In-charge of Juvenile Homes - V - ( Col. 166),Juvenile Justice (Care and Protection of Children) Act- A) Offences by Care Takers/In-charge of Juvenile Homes - R - ( Col. 167),Juvenile Justice (Care and Protection of Children) Act- B) Other Offences - I - ( Col. 168),Juvenile Justice (Care and Protection of Children) Act- B) Other Offences - V - ( Col. 169),Juvenile Justice (Care and Protection of Children) Act- B) Other Offences - R - ( Col. 170),"Immoral Traffic (Prevention) Act, 1956- Immoral Traffic (Prevention) Act (Total) - I - ( Col. 171)","Immoral Traffic (Prevention) Act, 1956- Immoral Traffic (Prevention) Act (Total) - V - ( Col. 172)","Immoral Traffic (Prevention) Act, 1956- Immoral Traffic (Prevention) Act (Total) - R - ( Col. 173)","Immoral Traffic (Prevention) Act, 1956- A) Procuring, inducing Children for the sake of prostitution (Sec. 5) - I - ( Col. 174)","Immoral Traffic (Prevention) Act, 1956- A) Procuring, inducing Children for the sake of prostitution (Sec. 5) - V - ( Col. 175)","Immoral Traffic (Prevention) Act, 1956- A) Procuring, inducing Children for the sake of prostitution (Sec. 5) - R - ( Col. 176)","Immoral Traffic (Prevention) Act, 1956- B) Detaining a person in premises where prostitution is carried on (Sec. 6) - I - ( Col. 177)","Immoral Traffic (Prevention) Act, 1956- B) Detaining a person in premises where prostitution is carried on (Sec. 6) - V - ( Col. 178)","Immoral Traffic (Prevention) Act, 1956- B) Detaining a person in premises where prostitution is carried on (Sec. 6) - R - ( Col. 179)","Immoral Traffic (Prevention) Act, 1956- C) Others - I - ( Col. 180)","Immoral Traffic (Prevention) Act, 1956- C) Others - V - ( Col. 181)","Immoral Traffic (Prevention) Act, 1956- C) Others - R - ( Col. 182)",Child Labour (Prohibition & Regulation) Act - I - ( Col. 183),Child Labour (Prohibition & Regulation) Act - V - ( Col. 184),Child Labour (Prohibition & Regulation) Act - R - ( Col. 185),Prohibition of Child Marriage Act - I - ( Col. 186),Prohibition of Child Marriage Act - V - ( Col. 187),Prohibition of Child Marriage Act - R - ( Col. 188),Transplantation of Human Organs Act - I - ( Col. 189),Transplantation of Human Organs Act - V - ( Col. 190),Transplantation of Human Organs Act - R - ( Col. 191),Cyber Crimes/Information Technology Act- Cyber Crimes/Information Technology Act - I - ( Col. 192),Cyber Crimes/Information Technology Act- Cyber Crimes/Information Technology Act - V - ( Col. 193),Cyber Crimes/Information Technology Act- Cyber Crimes/Information Technology Act - R - ( Col. 194),Cyber Crimes/Information Technology Act- A) Publishing or Transmitting of material depicting children in sexually explicit act - I - ( Col. 195),Cyber Crimes/Information Technology Act- A) Publishing or Transmitting of material depicting children in sexually explicit act - V - ( Col. 196),Cyber Crimes/Information Technology Act- A) Publishing or Transmitting of material depicting children in sexually explicit act - R - ( Col. 197),Cyber Crimes/Information Technology Act- B) Other Cyber Crimes against Children - I - ( Col. 198),Cyber Crimes/Information Technology Act- B) Other Cyber Crimes against Children - V - ( Col. 199),Cyber Crimes/Information Technology Act- B) Other Cyber Crimes against Children - R - ( Col. 200),Other SLL crimes - I - ( Col. 201),Other SLL crimes - V - ( Col. 202),Other SLL crimes - R - ( Col. 203),Total SLL Crimes against Children - I - ( Col. 204),Total SLL Crimes against Children - V - ( Col. 205),Total SLL Crimes against Children - R - ( Col. 206),Total Crimes against Children (IPC+SLL) - I - ( Col. 207),Total Crimes against Children (IPC+SLL) - V - ( Col. 208),Total Crimes against Children (IPC+SLL) - R - ( Col. 209)
1,Andhra Pradesh,37,41,0.2,2,2,0,35,39,0.2,11,11,0.1,7,7,0,1,1,0,2,2,0,13,13,0.1,96,100,0.6,4,4,0,413,418,2.7,308,313,2,39,39,0.3,269,274,1.8,0,0,0,0,0,0,5,5,0,74,74,0.5,26,26,0.2,0,0,0,0,0,0,12,12,0.1,0,0,0,0,0,0,0,0,0,2,2,0,0,0,0,2,2,0,0,0,0,16,16,0.1,0,0,0,0,0,0,124,130,0.8,738,757,4.9,1918,1921,12.7,858,861,5.7,855,858,5.7,3,3,0,552,552,3.7,552,552,3.7,0,0,0,488,488,3.2,488,488,3.2,0,0,0,9,9,0.1,9,9,0.1,0,0,0,7,7,0,0,0,0,7,7,0,4,4,0,3,3,0,1,1,0,39,46,0.3,2,2,0,37,44,0.2,0,0,0,0,0,0,0,0,0,0,0,0,25,56,0.2,45,47,0.3,0,0,0,75,84,0.5,73,80,0.5,2,4,0,4,4,0,2106,2158,13.9,2844,2915,18.8
2,Arunachal Pradesh,7,7,1.2,0,0,0,7,7,1.2,1,1,0.2,0,0,0,0,0,0,0,0,0,0,0,0,1,20,0.2,0,0,0,31,32,5.3,27,28,4.6,14,14,2.4,13,14,2.2,0,0,0,0,0,0,0,0,0,1,1,0.2,1,1,0.2,0,0,0,2,2,0.3,5,18,0.8,0,0,0,0,0,0,0,0,0,0,0,0,0,0,0,0,0,0,36,37,6.1,2,2,0.3,5,5,0.8,0,0,0,23,23,3.9,111,145,18.8,57,60,9.7,43,43,7.3,42,42,7.1,1,1,0.2,12,14,2,11,13,1.9,1,1,0.2,1,2,0.2,1,2,0.2,0,0,0,1,1,0.2,1,1,0.2,0,0,0,0,0,0,0,0,0,0,0,0,0,0,0,0,0,0,0,0,0,7,7,1.2,0,0,0,7,7,1.2,0,0,0,0,0,0,0,0,0,0,0,0,0,0,0,0,0,0,0,0,0,0,0,0,0,0,0,0,0,0,1,1,0.2,65,68,11,176,213,29.9
3,Assam,34,56,0.3,2,2,0,32,54,0.3,11,13,0.1,22,23,0.2,1,1,0,0,0,0,1,1,0,6,9,0,38,38,0.3,1772,1787,14.7,642,651,5.3,371,373,3.1,271,278,2.2,39,39,0.3,1,1,0,4,4,0,371,371,3.1,454,455,3.8,0,0,0,261,266,2.2,48,89,0.4,5,5,0,0,0,0,5,5,0,0,0,0,0,0,0,0,0,0,1,1,0,0,0,0,13,13,0.1,0,0,0,144,240,1.2,2096,2276,17.4,2555,2580,21.2,1822,1829,15.1,1816,1823,15,6,6,0,475,481,3.9,475,481,3.9,0,0,0,121,133,1,121,133,1,0,0,0,12,12,0.1,12,12,0.1,0,0,0,0,0,0,0,0,0,0,0,0,125,125,1,125,125,1,0,0,0,82,84,0.7,21,21,0.2,61,63,0.5,2,2,0,1,1,0,0,0,0,1,1,0,132,151,1.1,5267,5267,43.6,0,0,0,39,43,0.3,34,38,0.3,5,5,0,1,1,0,8078,8128,66.9,10174,10404,84.2
4,Bihar,108,113,0.2,4,4,0,104,109,0.2,0,0,0,35,61,0.1,0,0,0,0,0,0,0,0,0,206,337,0.4,43,100,0.1,6233,6275,13.1,1040,1061,2.2,685,694,1.4,355,367,0.7,0,0,0,11,11,0,14,14,0,4933,4941,10.4,0,0,0,0,0,0,235,248,0.5,35,111,0.1,0,0,0,0,0,0,0,0,0,0,0,0,0,0,0,0,0,0,0,0,0,17,17,0,7,7,0,0,0,0,334,376,0.7,7018,7397,14.8,2323,2323,4.9,925,925,1.9,925,925,1.9,0,0,0,844,844,1.8,844,844,1.8,0,0,0,190,190,0.4,190,190,0.4,0,0,0,346,346,0.7,345,345,0.7,1,1,0,18,18,0,3,3,0,15,15,0,0,0,0,0,0,0,0,0,0,2,2,0,0,0,0,2,2,0,20,28,0,18,26,0,2,2,0,0,0,0,522,843,1.1,13,13,0,0,0,0,7,7,0,7,7,0,0,0,0,1,2,0,2888,3218,6.1,9906,10615,20.9
5,Chhattisgarh,44,49,0.5,1,1,0,43,48,0.4,10,10,0.1,21,21,0.2,3,3,0,24,24,0.2,29,29,0.3,382,441,3.9,8,8,0.1,2730,2982,28,2613,2864,26.8,888,899,9.1,1725,1965,17.7,0,0,0,0,0,0,2,2,0,76,76,0.8,1,1,0,0,0,0,38,39,0.4,14,19,0.1,0,0,0,0,0,0,0,0,0,0,0,0,0,0,0,0,0,0,0,0,0,4,4,0,2,2,0,2,2,0,434,609,4.5,3707,4203,38,1989,2031,20.4,1503,1505,15.4,1503,1505,15.4,0,0,0,441,478,4.5,441,478,4.5,0,0,0,25,25,0.3,25,25,0.3,0,0,0,6,6,0.1,6,6,0.1,0,0,0,12,15,0.1,1,1,0,11,14,0.1,2,2,0,2,2,0,0,0,0,0,0,0,0,0,0,0,0,0,0,0,0,0,0,0,0,0,0,0,0,0,1,1,0,0,0,0,0,0,0,202,202,2.1,187,187,1.9,15,15,0.2,5,5,0.1,2197,2239,22.5,5904,6442,60.6
6,Goa,2,3,0.5,0,0,0,2,3,0.5,1,1,0.3,3,3,0.8,0,0,0,0,0,0,2,2,0.5,8,9,2.1,2,2,0.5,63,71,16.5,63,71,16.5,49,56,12.8,14,15,3.7,0,0,0,0,0,0,0,0,0,0,0,0,0,0,0,0,0,0,0,0,0,2,2,0.5,0,0,0,0,0,0,0,0,0,0,0,0,0,0,0,0,0,0,62,63,16.2,0,0,0,21,29,5.5,1,1,0.3,10,13,2.6,177,199,46.3,0,0,0,0,0,0,0,0,0,0,0,0,0,0,0,0,0,0,0,0,0,0,0,0,0,0,0,0,0,0,0,0,0,0,0,0,0,0,0,0,0,0,0,0,0,0,0,0,0,0,0,0,0,0,0,0,0,4,4,1,0,0,0,4,4,1,0,0,0,0,0,0,0,0,0,0,0,0,0,0,0,0,0,0,0,0,0,10,19,2.6,8,8,2.1,2,11,0.5,5,5,1.3,19,28,5,196,227,51.3
7,Gujarat,83,96,0.4,6,6,0,77,90,0.4,10,10,0,2,2,0,3,3,0,5,5,0,98,94,0.5,14,14,0.1,7,8,0,1506,1547,7.2,969,1004,4.6,547,564,2.6,422,440,2,1,1,0,0,0,0,1,1,0,524,530,2.5,1,1,0,0,0,0,10,10,0,5,14,0,0,0,0,0,0,0,0,0,0,0,0,0,0,0,0,0,0,0,2,2,0,0,0,0,66,71,0.3,0,0,0,419,470,2,2220,2336,10.6,2568,2594,12.3,2279,2301,10.9,2279,2301,10.9,0,0,0,232,232,1.1,232,232,1.1,0,0,0,26,26,0.1,25,25,0.1,1,1,0,7,7,0,6,6,0,1,1,0,19,23,0.1,1,1,0,18,22,0.1,5,5,0,5,5,0,0,0,0,183,365,0.9,1,1,0,182,364,0.9,2,2,0,2,2,0,0,0,0,0,0,0,85,95,0.4,8,11,0,0,0,0,15,15,0.1,10,10,0,5,5,0,2,3,0,2863,3085,13.7,5083,5421,24.3
8,Haryana,55,62,0.6,6,6,0.1,49,56,0.5,15,15,0.2,12,12,0.1,16,16,0.2,6,6,0.1,40,40,0.4,25,25,0.3,23,24,0.3,2922,2982,32,623,648,6.8,304,312,3.3,319,336,3.5,3,3,0,4,4,0,2,2,0,312,313,3.4,788,789,8.6,0,0,0,1190,1223,13,7,7,0.1,0,0,0,0,0,0,0,0,0,0,0,0,0,0,0,0,0,0,3,3,0,0,0,0,26,29,0.3,1,1,0,940,1254,10.3,4091,4476,44.9,2142,2157,23.5,1444,1449,15.8,1372,1377,15,72,72,0.8,530,534,5.8,521,525,5.7,9,9,0.1,125,127,1.4,124,125,1.4,1,2,0,4,8,0,4,8,0,0,0,0,16,16,0.2,0,0,0,16,16,0.2,23,23,0.3,23,23,0.3,0,0,0,121,167,1.3,0,0,0,121,167,1.3,0,0,0,0,0,0,0,0,0,0,0,0,8,14,0.1,28,31,0.3,0,0,0,8,8,0.1,4,4,0,4,4,0,3,3,0,2310,2380,25.3,6401,6856,70.2
9,Himachal Pradesh,4,4,0.2,0,0,0,4,4,0.2,2,2,0.1,0,0,0,0,0,0,0,0,0,7,7,0.3,0,0,0,0,0,0,397,408,18.4,260,271,12.1,73,76,3.4,187,195,8.7,0,0,0,0,0,0,0,0,0,131,131,6.1,3,3,0.1,0,0,0,3,3,0.1,0,0,0,0,0,0,0,0,0,0,0,0,0,0,0,0,0,0,0,0,0,206,207,9.6,0,0,0,56,56,2.6,0,0,0,6,6,0.3,678,690,31.5,6,6,0.3,1,1,0,0,0,0,1,1,0,2,2,0.1,0,0,0,2,2,0.1,2,2,0.1,2,2,0.1,0,0,0,1,1,0,1,1,0,0,0,0,0,0,0,0,0,0,0,0,0,0,0,0,0,0,0,0,0,0,15,16,0.7,1,1,0,14,15,0.7,0,0,0,0,0,0,0,0,0,0,0,0,0,0,0,1,1,0,0,0,0,4,4,0.2,2,2,0.1,2,2,0.1,0,0,0,26,27,1.2,704,717,32.7
10,Jharkhand,8,8,0.1,1,1,0,7,7,0.1,0,0,0,0,0,0,4,4,0,0,0,0,0,0,0,7,7,0.1,0,0,0,534,534,3.9,21,21,0.2,20,20,0.1,1,1,0,5,5,0,0,0,0,8,8,0.1,155,155,1.1,319,319,2.3,0,0,0,26,26,0.2,34,62,0.2,0,0,0,0,0,0,0,0,0,0,0,0,0,0,0,0,0,0,150,150,1.1,2,2,0,2,3,0,0,0,0,3,4,0,744,774,5.4,829,830,6,657,657,4.7,657,657,4.7,0,0,0,93,94,0.7,93,94,0.7,0,0,0,69,69,0.5,69,69,0.5,0,0,0,7,7,0.1,7,7,0.1,0,0,0,2,2,0,0,0,0,2,2,0,1,1,0,1,1,0,0,0,0,7,7,0.1,2,2,0,5,5,0,0,0,0,0,0,0,0,0,0,0,0,0,41,51,0.3,5,5,0,0,0,0,0,0,0,0,0,0,0,0,0,0,0,0,882,893,6.4,1626,1667,11.8
11,Karnataka,102,127,0.5,4,4,0,98,123,0.5,17,17,0.1,11,11,0.1,1,1,0,1,1,0,62,65,0.3,52,85,0.3,4,4,0,3254,3318,16.8,3228,3292,16.7,3133,3196,16.2,95,96,0.5,0,0,0,0,0,0,8,8,0,8,8,0,5,5,0,0,0,0,5,5,0,3,3,0,0,0,0,0,0,0,0,0,0,0,0,0,0,0,0,0,0,0,0,0,0,1,1,0,1,1,0,0,0,0,803,1397,4.2,4312,5031,22.3,3878,3992,20,3101,3117,16,3099,3115,16,2,2,0,513,553,2.7,506,536,2.6,7,17,0,202,254,1,196,222,1,6,32,0,31,31,0.2,30,30,0.2,1,1,0,9,9,0,1,1,0,8,8,0,22,28,0.1,22,28,0.1,0,0,0,98,169,0.5,20,69,0.1,78,100,0.4,1,1,0,1,1,0,0,0,0,0,0,0,128,151,0.7,143,145,0.7,0,0,0,363,375,1.9,341,353,1.8,22,22,0.1,6,12,0,4617,4845,23.9,8929,9876,46.1
12,Kerala,33,41,0.4,1,1,0,32,40,0.3,7,7,0.1,22,24,0.2,0,0,0,0,0,0,8,9,0.1,237,253,2.5,33,39,0.4,193,201,2.1,148,154,1.6,38,38,0.4,110,116,1.2,0,0,0,0,0,0,1,1,0,24,24,0.3,2,2,0,0,0,0,18,20,0.2,21,30,0.2,0,0,0,0,0,0,0,0,0,0,0,0,0,0,0,0,0,0,0,0,0,0,0,0,230,235,2.4,8,8,0.1,275,328,2.9,1067,1175,11.3,4295,4314,45.7,1799,1808,19.1,1719,1725,18.3,80,83,0.9,1740,1748,18.5,1529,1537,16.3,211,211,2.2,494,496,5.3,469,471,5,25,25,0.3,45,45,0.5,34,34,0.4,11,11,0.1,198,198,2.1,0,0,0,198,198,2.1,19,19,0.2,14,14,0.1,5,5,0.1,185,196,2,26,32,0.3,159,164,1.7,0,0,0,0,0,0,0,0,0,0,0,0,1,1,0,4,5,0,0,0,0,346,356,3.7,342,352,3.6,4,4,0,5,5,0.1,4836,4877,51.4,5903,6052,62.8
13,Madhya Pradesh,100,104,0.3,11,11,0,89,93,0.3,104,108,0.4,40,40,0.1,12,12,0,20,20,0.1,140,147,0.5,1523,1647,5.3,103,115,0.4,11521,11590,40.1,9833,9900,34.2,6444,6500,22.4,3389,3400,11.8,0,0,0,4,4,0,2,2,0,1622,1623,5.6,33,34,0.1,0,0,0,27,27,0.1,22,39,0.1,2,2,0,0,0,0,2,2,0,2,2,0,0,0,0,2,2,0,0,0,0,15,15,0.1,1,1,0,6,6,0,2229,2698,7.8,15840,16546,55.1,6517,6559,22.7,3866,3893,13.4,3849,3876,13.4,17,17,0.1,2510,2524,8.7,2501,2515,8.7,9,9,0,54,55,0.2,54,55,0.2,0,0,0,9,9,0,8,8,0,1,1,0,65,65,0.2,4,4,0,61,61,0.2,13,13,0,13,13,0,0,0,0,4,7,0,1,1,0,3,6,0,0,0,0,0,0,0,0,0,0,0,0,0,4,8,0,4,4,0,0,0,0,24,25,0.1,5,5,0,19,20,0.1,0,0,0,6553,6603,22.8,22393,23149,77.9
14,Maharashtra,98,116,0.3,8,8,0,90,108,0.2,82,83,0.2,43,54,0.1,9,9,0,4,4,0,101,102,0.3,179,188,0.5,42,46,0.1,12252,13150,33.9,12089,12971,33.5,7963,8273,22.1,4126,4698,11.4,0,0,0,3,3,0,17,17,0,91,94,0.3,30,42,0.1,1,1,0,21,22,0.1,37,76,0.1,1,1,0,0,0,0,1,1,0,0,0,0,0,0,0,0,0,0,0,0,0,0,0,0,0,0,0,0,0,0,613,644,1.7,13461,14473,37.3,8639,8761,23.9,4600,4672,12.7,4594,4666,12.7,6,6,0,3823,3872,10.6,3810,3859,10.6,13,13,0,80,80,0.2,76,76,0.2,4,4,0,10,10,0,9,9,0,1,1,0,104,105,0.3,14,14,0,90,91,0.2,22,22,0.1,16,16,0,6,6,0,111,138,0.3,14,15,0,97,123,0.3,2,2,0,0,0,0,0,0,0,2,2,0,44,47,0.1,93,93,0.3,0,0,0,31,32,0.1,23,24,0.1,8,8,0,9,9,0,8929,9082,24.7,22390,23555,62
15,Manipur,0,0,0,0,0,0,0,0,0,0,0,0,0,0,0,0,0,0,2,2,0.2,0,0,0,0,0,0,1,1,0.1,21,21,2,2,2,0.2,2,2,0.2,0,0,0,0,0,0,0,0,0,0,0,0,5,5,0.5,9,9,0.9,0,0,0,5,5,0.5,2,3,0.2,0,0,0,0,0,0,0,0,0,0,0,0,0,0,0,0,0,0,0,0,0,0,0,0,1,1,0.1,0,0,0,0,0,0,27,28,2.6,55,57,5.3,43,45,4.2,43,45,4.2,0,0,0,9,9,0.9,9,9,0.9,0,0,0,2,2,0.2,2,2,0.2,0,0,0,0,0,0,0,0,0,0,0,0,0,0,0,0,0,0,0,0,0,1,1,0.1,1,1,0.1,0,0,0,1,1,0.1,0,0,0,1,1,0.1,0,0,0,0,0,0,0,0,0,0,0,0,0,0,0,2,3,0.2,0,0,0,0,0,0,0,0,0,0,0,0,0,0,0,58,61,5.6,85,89,8.2
16,Meghalaya,5,5,0.4,0,0,0,5,5,0.4,0,0,0,2,2,0.1,2,2,0.1,0,0,0,2,2,0.1,1,2,0.1,0,0,0,65,66,4.7,55,55,4,24,24,1.7,31,31,2.2,0,0,0,0,0,0,1,1,0.1,3,3,0.2,4,4,0.3,0,0,0,2,3,0.1,0,0,0,0,0,0,0,0,0,0,0,0,0,0,0,0,0,0,0,0,0,0,0,0,1,1,0.1,2,2,0.1,0,0,0,11,13,0.8,91,95,6.6,404,434,29.3,328,355,23.8,322,331,23.3,6,24,0.4,53,56,3.8,53,56,3.8,0,0,0,7,7,0.5,7,7,0.5,0,0,0,9,9,0.7,8,8,0.6,1,1,0.1,0,0,0,0,0,0,0,0,0,7,7,0.5,7,7,0.5,0,0,0,7,9,0.5,1,1,0.1,6,8,0.4,0,0,0,0,0,0,0,0,0,0,0,0,3,3,0.2,0,0,0,0,0,0,7,7,0.5,6,6,0.4,1,1,0.1,0,0,0,421,453,30.5,512,548,37.1
17,Mizoram,1,1,0.2,0,0,0,1,1,0.2,0,0,0,0,0,0,0,0,0,0,0,0,0,0,0,3,3,0.7,1,2,0.2,3,3,0.7,3,3,0.7,1,1,0.2,2,2,0.5,0,0,0,0,0,0,0,0,0,0,0,0,0,0,0,0,0,0,0,0,0,0,0,0,0,0,0,0,0,0,0,0,0,0,0,0,0,0,0,0,0,0,8,8,1.9,0,0,0,2,2,0.5,0,0,0,3,3,0.7,21,22,5,117,119,27.7,75,76,17.8,72,73,17,3,3,0.7,38,38,9,38,38,9,0,0,0,0,0,0,0,0,0,0,0,0,4,5,0.9,3,4,0.7,1,1,0.2,0,0,0,0,0,0,0,0,0,0,0,0,0,0,0,0,0,0,4,4,0.9,0,0,0,4,4,0.9,0,0,0,0,0,0,0,0,0,0,0,0,0,0,0,0,0,0,0,0,0,4,4,0.9,4,4,0.9,0,0,0,0,0,0,125,127,29.6,146,149,34.6
18,Nagaland,1,1,0.1,0,0,0,1,1,0.1,0,0,0,0,0,0,0,0,0,0,0,0,0,0,0,0,0,0,0,0,0,1,1,0.1,1,1,0.1,0,0,0,1,1,0.1,0,0,0,0,0,0,0,0,0,0,0,0,0,0,0,0,0,0,0,0,0,0,0,0,0,0,0,0,0,0,0,0,0,0,0,0,0,0,0,0,0,0,3,3,0.4,1,1,0.1,2,2,0.2,0,0,0,1,2,0.1,9,10,1.1,16,16,2,7,7,0.9,6,6,0.7,1,1,0.1,9,9,1.1,9,9,1.1,0,0,0,0,0,0,0,0,0,0,0,0,0,0,0,0,0,0,0,0,0,0,0,0,0,0,0,0,0,0,0,0,0,0,0,0,0,0,0,0,0,0,0,0,0,0,0,0,0,0,0,0,0,0,0,0,0,0,0,0,0,0,0,0,0,0,0,0,0,1,1,0.1,1,1,0.1,0,0,0,0,0,0,17,17,2.1,26,27,3.2
19,Odisha,8,8,0.1,6,6,0,2,2,0,0,0,0,0,0,0,0,0,0,0,0,0,0,0,0,0,0,0,0,0,0,5978,5979,41.5,5905,5906,41,5871,5872,40.7,34,34,0.2,0,0,0,0,0,0,1,1,0,60,60,0.4,8,8,0.1,0,0,0,4,4,0,0,0,0,0,0,0,0,0,0,0,0,0,0,0,0,0,0,0,0,0,0,2,2,0,0,0,0,2,2,0,0,0,0,0,0,0,5990,5991,41.6,2381,2391,16.5,1631,1631,11.3,1631,1631,11.3,0,0,0,701,711,4.9,701,711,4.9,0,0,0,1,1,0,1,1,0,0,0,0,30,30,0.2,30,30,0.2,0,0,0,13,13,0.1,0,0,0,13,13,0.1,5,5,0,5,5,0,0,0,0,79,79,0.5,45,45,0.3,34,34,0.2,0,0,0,0,0,0,0,0,0,0,0,0,0,0,0,57,57,0.4,0,0,0,69,69,0.5,69,69,0.5,0,0,0,1,1,0,2587,2597,17.9,8577,8588,59.5
20,Punjab,32,34,0.4,4,4,0,28,30,0.3,4,4,0,4,4,0,1,1,0,5,5,0.1,11,11,0.1,16,17,0.2,5,5,0.1,1334,1366,15.3,18,20,0.2,6,6,0.1,12,14,0.1,1,1,0,2,2,0,0,0,0,1278,1307,14.6,0,0,0,0,0,0,35,36,0.4,6,11,0.1,0,0,0,0,0,0,0,0,0,0,0,0,0,0,0,0,0,0,0,0,0,10,10,0.1,38,38,0.4,0,0,0,131,143,1.5,1597,1649,18.3,809,837,9.3,616,640,7,616,640,7,0,0,0,152,153,1.7,152,153,1.7,0,0,0,2,3,0,2,3,0,0,0,0,11,11,0.1,11,11,0.1,0,0,0,27,29,0.3,0,0,0,27,29,0.3,1,1,0,1,1,0,0,0,0,13,13,0.1,9,9,0.1,4,4,0,0,0,0,0,0,0,0,0,0,0,0,0,12,12,0.1,11,11,0.1,0,0,0,14,14,0.2,11,11,0.1,3,3,0,6,6,0.1,865,893,9.9,2462,2542,28.2
21,Rajasthan,41,45,0.1,2,2,0,39,43,0.1,6,6,0,9,9,0,1,1,0,8,8,0,74,74,0.3,77,77,0.3,0,0,0,5738,5764,20.4,4441,4465,15.8,2648,2659,9.4,1793,1806,6.4,9,9,0,0,0,0,3,3,0,662,663,2.4,10,11,0,0,0,0,613,613,2.2,9,15,0,0,0,0,0,0,0,0,0,0,0,0,0,0,0,0,0,0,0,0,0,0,0,0,0,0,0,0,0,0,0,217,238,0.8,6180,6237,22,3602,3609,12.8,1867,1868,6.6,1865,1866,6.6,2,2,0,1373,1378,4.9,1372,1377,4.9,1,1,0,67,68,0.2,67,68,0.2,0,0,0,71,71,0.3,68,68,0.2,3,3,0,35,35,0.1,1,1,0,34,34,0.1,189,189,0.7,183,183,0.7,6,6,0,443,478,1.6,18,18,0.1,425,460,1.5,0,0,0,0,0,0,0,0,0,0,0,0,38,41,0.1,5,6,0,0,0,0,282,286,1,254,254,0.9,28,32,0.1,27,27,0.1,4397,4447,15.6,10577,10684,37.6
22,Sikkim,2,2,1,1,1,0.5,1,1,0.5,0,0,0,2,4,1,0,0,0,0,0,0,0,0,0,2,3,1,0,0,0,35,45,17,33,43,16,27,35,13.1,6,8,2.9,0,0,0,0,0,0,1,1,0.5,1,1,0.5,0,0,0,0,0,0,0,0,0,0,0,0,0,0,0,0,0,0,0,0,0,0,0,0,0,0,0,0,0,0,0,0,0,0,0,0,0,0,0,0,0,0,9,54,4.4,50,108,24.3,86,91,41.8,65,66,31.6,65,66,31.6,0,0,0,18,22,8.7,18,22,8.7,0,0,0,3,3,1.5,3,3,1.5,0,0,0,0,0,0,0,0,0,0,0,0,0,0,0,0,0,0,0,0,0,0,0,0,0,0,0,0,0,0,3,13,1.5,0,0,0,3,13,1.5,0,0,0,0,0,0,0,0,0,0,0,0,0,0,0,0,0,0,0,0,0,0,0,0,0,0,0,0,0,0,0,0,0,89,104,43.2,139,212,67.5
23,Tamil Nadu,55,67,0.3,2,2,0,53,65,0.3,5,7,0,10,10,0,6,6,0,0,0,0,7,7,0,108,125,0.5,14,14,0.1,175,175,0.8,37,37,0.2,3,3,0,34,34,0.2,2,2,0,1,1,0,2,2,0,101,101,0.5,28,28,0.1,0,0,0,4,4,0,2,11,0,0,0,0,0,0,0,0,0,0,0,0,0,0,0,0,0,0,0,0,0,0,0,0,0,9,9,0,0,0,0,1655,2205,8,2046,2636,9.9,4581,4728,22.2,3407,3465,16.5,3347,3391,16.2,60,74,0.3,869,951,4.2,857,935,4.1,12,16,0.1,291,298,1.4,289,296,1.4,2,2,0,9,9,0,9,9,0,0,0,0,2,2,0,0,0,0,2,2,0,3,3,0,3,3,0,0,0,0,88,112,0.4,5,7,0,83,105,0.4,0,0,0,0,0,0,0,0,0,0,0,0,56,149,0.3,174,174,0.8,0,0,0,10,10,0,5,5,0,5,5,0,13,17,0.1,4922,5190,23.8,6968,7826,33.7
24,Telangana,41,51,0.4,3,3,0,38,48,0.3,16,17,0.1,4,4,0,1,1,0,1,1,0,14,14,0.1,8,9,0.1,0,0,0,1969,2011,17.3,1753,1792,15.4,758,764,6.7,995,1028,8.7,2,2,0,0,0,0,1,1,0,123,125,1.1,76,76,0.7,0,0,0,14,15,0.1,17,42,0.1,0,0,0,0,0,0,0,0,0,0,0,0,0,0,0,0,0,0,3,3,0,9,9,0.1,15,15,0.1,0,0,0,259,268,2.3,2357,2445,20.7,3154,3169,27.7,1760,1760,15.5,1758,1758,15.5,2,2,0,1232,1244,10.8,1232,1244,10.8,0,0,0,100,103,0.9,98,101,0.9,2,2,0,28,28,0.2,28,28,0.2,0,0,0,21,21,0.2,0,0,0,21,21,0.2,13,13,0.1,12,12,0.1,1,1,0,347,399,3,2,2,0,345,397,3,1,1,0,0,0,0,0,0,0,1,1,0,168,202,1.5,33,33,0.3,0,0,0,31,34,0.3,20,21,0.2,11,13,0.1,22,22,0.2,3756,3860,33,6113,6305,53.7
25,Tripura,5,5,0.4,0,0,0,5,5,0.4,2,2,0.2,0,0,0,0,0,0,0,0,0,0,0,0,0,0,0,0,0,0,110,114,9,43,46,3.5,8,8,0.7,35,38,2.9,0,0,0,1,1,0.1,0,0,0,21,21,1.7,44,45,3.6,0,0,0,1,1,0.1,0,0,0,0,0,0,0,0,0,0,0,0,0,0,0,0,0,0,0,0,0,0,0,0,0,0,0,1,1,0.1,0,0,0,1,1,0.1,119,123,9.7,133,138,10.8,83,86,6.8,82,85,6.7,1,1,0.1,41,43,3.3,41,43,3.3,0,0,0,8,8,0.7,8,8,0.7,0,0,0,1,1,0.1,1,1,0.1,0,0,0,0,0,0,0,0,0,0,0,0,0,0,0,0,0,0,0,0,0,0,0,0,0,0,0,0,0,0,0,0,0,0,0,0,0,0,0,0,0,0,0,0,0,2,2,0.2,0,0,0,1,1,0.1,1,1,0.1,0,0,0,0,0,0,136,141,11.1,255,264,20.8
26,Uttar Pradesh,206,223,0.2,19,19,0,187,204,0.2,17,17,0,4,4,0,0,0,0,6,6,0,0,0,0,18,34,0,22,22,0,8025,8160,9.4,4340,4456,5.1,2380,2397,2.8,1960,2059,2.3,1,1,0,27,27,0,5,5,0,3649,3668,4.3,0,0,0,0,0,0,3,3,0,7,34,0,2,2,0,1,1,0,1,1,0,0,0,0,0,0,0,0,0,0,301,301,0.4,13,13,0,797,802,0.9,0,0,0,671,717,0.8,10089,10335,11.8,8706,8966,10.2,3728,3855,4.4,3645,3772,4.3,83,83,0.1,4732,4864,5.5,4728,4860,5.5,4,4,0,129,129,0.2,129,129,0.2,0,0,0,7,7,0,7,7,0,0,0,0,53,54,0.1,10,11,0,43,43,0.1,57,57,0.1,55,55,0.1,2,2,0,10,10,0,0,0,0,10,10,0,0,0,0,0,0,0,0,0,0,0,0,0,5,8,0,15,15,0,0,0,0,24,25,0,14,15,0,10,10,0,3,3,0,8763,9027,10.3,18852,19362,22.1
27,Uttarakhand,9,9,0.2,0,0,0,9,9,0.2,1,1,0,0,0,0,0,0,0,2,2,0.1,0,0,0,1,1,0,0,0,0,659,694,17.3,540,543,14.2,491,492,12.9,49,51,1.3,2,2,0.1,0,0,0,2,2,0.1,3,7,0.1,0,0,0,0,0,0,112,140,2.9,4,40,0.1,0,0,0,0,0,0,0,0,0,0,0,0,0,0,0,0,0,0,0,0,0,2,2,0.1,34,34,0.9,0,0,0,36,41,0.9,748,824,19.7,823,830,21.7,646,646,17,635,635,16.7,11,11,0.3,124,131,3.3,121,128,3.2,3,3,0.1,27,27,0.7,27,27,0.7,0,0,0,9,9,0.2,9,9,0.2,0,0,0,4,4,0.1,3,3,0.1,1,1,0,13,13,0.3,13,13,0.3,0,0,0,11,11,0.3,5,5,0.1,6,6,0.2,0,0,0,0,0,0,0,0,0,0,0,0,57,57,1.5,5,5,0.1,0,0,0,64,64,1.7,39,39,1,25,25,0.7,2,2,0.1,962,969,25.3,1710,1793,45
28,West Bengal,56,60,0.2,3,3,0,53,57,0.2,46,47,0.2,5,5,0,2,2,0,1,1,0,1,1,0,1,1,0,7,7,0,5742,5997,19.1,3821,3974,12.7,1490,1494,5,2331,2480,7.8,0,0,0,2,2,0,4,5,0,390,391,1.3,16,16,0.1,1,1,0,1508,1608,5,18,31,0.1,2,2,0,0,0,0,2,2,0,0,0,0,0,0,0,0,0,0,0,0,0,0,0,0,0,0,0,0,0,0,44,103,0.1,5925,6257,19.8,2760,2763,9.2,1822,1823,6.1,1798,1799,6,24,24,0.1,650,651,2.2,644,645,2.1,6,6,0,245,246,0.8,244,245,0.8,1,1,0,30,30,0.1,29,29,0.1,1,1,0,7,7,0,0,0,0,7,7,0,6,6,0,6,6,0,0,0,0,35,50,0.1,4,4,0,31,46,0.1,5,5,0,0,0,0,0,0,0,5,5,0,2,2,0,118,118,0.4,0,0,0,3,3,0,2,2,0,1,1,0,5,5,0,2928,2946,9.8,8853,9203,29.5
Total State (S),Total State (S),1177,1338,0.3,86,86,0,1091,1252,0.3,368,379,0.1,258,300,0.1,63,63,0,87,87,0,610,618,0.1,2971,3407,0.7,357,439,0.1,73676,75691,17,52856,54592,12.2,34277,34811,7.9,18579,19781,4.3,65,65,0,56,56,0,84,85,0,14618,14693,3.4,1858,1875,0.4,2,2,0,4137,4323,1,310,669,0.1,12,12,0,1,1,0,11,11,0,4,4,0,0,0,0,4,4,0,777,780,0.2,93,93,0,1333,1360,0.3,18,18,0,9395,11980,2.2,91509,97238,21.2,65343,66276,15.1,38976,39384,9,38595,38968,8.9,381,416,0.1,21768,22188,5,21490,21896,5,278,292,0.1,2759,2842,0.6,2717,2773,0.6,42,69,0,697,702,0.2,675,680,0.2,22,22,0,612,623,0.1,38,39,0,574,584,0.1,531,537,0.1,510,516,0.1,21,21,0,1899,2387,0.4,177,235,0,1722,2152,0.4,33,41,0,22,30,0,2,2,0,9,9,0,1332,1892,0.3,6033,6046,1.4,0,0,0,1634,1688,0.4,1462,1498,0.3,172,190,0,121,133,0,76395,78463,17.7,167904,175701,38.8
29,Andaman and Nicobar Islands,0,0,0,0,0,0,0,0,0,0,0,0,1,1,0.9,0,0,0,0,0,0,0,0,0,1,1,0.9,1,1,0.9,22,22,19.6,22,22,19.6,13,13,11.6,9,9,8,0,0,0,0,0,0,0,0,0,0,0,0,0,0,0,0,0,0,0,0,0,0,0,0,0,0,0,0,0,0,0,0,0,0,0,0,0,0,0,0,0,0,0,0,0,0,0,0,0,0,0,0,0,0,15,21,13.4,40,46,35.6,96,97,85.5,76,77,67.7,75,76,66.8,1,1,0.9,16,16,14.2,16,16,14.2,0,0,0,4,4,3.6,4,4,3.6,0,0,0,0,0,0,0,0,0,0,0,0,0,0,0,0,0,0,0,0,0,0,0,0,0,0,0,0,0,0,2,2,1.8,0,0,0,2,2,1.8,0,0,0,0,0,0,0,0,0,0,0,0,0,0,0,0,0,0,0,0,0,23,23,20.5,19,19,16.9,4,4,3.6,0,0,0,121,122,107.7,161,168,143.4
30,Chandigarh,2,2,0.6,0,0,0,2,2,0.6,0,0,0,1,1,0.3,0,0,0,0,0,0,3,3,0.9,6,6,1.9,6,6,1.9,157,163,48.4,145,151,44.7,140,146,43.2,5,5,1.5,0,0,0,0,0,0,0,0,0,9,9,2.8,0,0,0,0,0,0,3,3,0.9,0,0,0,0,0,0,0,0,0,0,0,0,0,0,0,0,0,0,0,0,0,70,70,21.6,1,1,0.3,13,14,4,0,0,0,27,27,8.3,286,293,88.2,0,0,0,0,0,0,0,0,0,0,0,0,0,0,0,0,0,0,0,0,0,0,0,0,0,0,0,0,0,0,0,0,0,0,0,0,0,0,0,0,0,0,0,0,0,0,0,0,0,0,0,0,0,0,0,0,0,0,0,0,0,0,0,0,0,0,0,0,0,0,0,0,0,0,0,0,0,0,3,3,0.9,0,0,0,0,0,0,5,6,1.5,4,5,1.2,1,1,0.3,0,0,0,8,9,2.5,294,302,90.7
31,Dadra and Nagar Haveli and Daman and Diu,1,1,0.5,0,0,0,1,1,0.5,0,0,0,1,1,0.5,0,0,0,0,0,0,1,1,0.5,1,1,0.5,0,0,0,47,47,24.5,47,47,24.5,44,44,22.9,3,3,1.6,0,0,0,0,0,0,0,0,0,0,0,0,0,0,0,0,0,0,0,0,0,0,0,0,0,0,0,0,0,0,0,0,0,0,0,0,0,0,0,0,0,0,1,1,0.5,0,0,0,0,0,0,0,0,0,11,11,5.7,63,63,32.8,56,58,29.1,51,51,26.5,50,50,26,1,1,0.5,2,4,1,1,1,0.5,1,3,0.5,2,2,1,2,2,1,0,0,0,0,0,0,0,0,0,0,0,0,1,1,0.5,0,0,0,1,1,0.5,0,0,0,0,0,0,0,0,0,2,2,1,2,2,1,0,0,0,0,0,0,0,0,0,0,0,0,0,0,0,2,2,1,0,0,0,0,0,0,0,0,0,0,0,0,0,0,0,0,0,0,60,62,31.2,123,125,64
32,Delhi,35,38,0.6,3,3,0.1,32,35,0.6,3,3,0.1,27,31,0.5,2,2,0,0,0,0,27,30,0.5,64,87,1.2,2,2,0,5471,5655,98.8,5464,5648,98.7,3235,3319,58.4,2229,2329,40.3,0,0,0,0,0,0,5,5,0.1,0,0,0,0,0,0,0,0,0,2,2,0,82,746,1.5,0,0,0,0,0,0,0,0,0,0,0,0,0,0,0,0,0,0,0,0,0,0,0,0,0,0,0,1,1,0,157,189,2.8,5871,6784,106,1757,1760,31.7,1055,1057,19.1,1052,1054,19,3,3,0.1,549,549,9.9,536,536,9.7,13,13,0.2,37,38,0.7,32,33,0.6,5,5,0.1,5,5,0.1,4,4,0.1,1,1,0,109,109,2,10,10,0.2,99,99,1.8,2,2,0,2,2,0,0,0,0,69,265,1.2,14,23,0.3,55,242,1,1,1,0,1,1,0,0,0,0,0,0,0,52,269,0.9,1,1,0,0,0,0,14,14,0.3,9,9,0.2,5,5,0.1,4,4,0.1,1898,2314,34.3,7769,9098,140.3
33,Jammu and Kashmir,2,3,0,0,0,0,2,3,0,1,1,0,2,3,0,2,2,0,1,1,0,12,12,0.2,7,7,0.1,0,0,0,486,502,9.9,369,385,7.5,114,117,2.3,255,268,5.2,0,0,0,1,1,0,0,0,0,10,10,0.2,0,0,0,0,0,0,106,106,2.2,5,10,0.1,0,0,0,0,0,0,0,0,0,0,0,0,0,0,0,0,0,0,1,1,0,0,0,0,1,1,0,0,0,0,49,54,1,569,597,11.6,335,337,6.8,214,215,4.4,214,215,4.4,0,0,0,78,79,1.6,76,77,1.5,2,2,0,13,13,0.3,13,13,0.3,0,0,0,18,18,0.4,17,17,0.3,1,1,0,12,12,0.2,0,0,0,12,12,0.2,0,0,0,0,0,0,0,0,0,2,2,0,0,0,0,2,2,0,0,0,0,0,0,0,0,0,0,0,0,0,0,0,0,2,2,0,0,0,0,2,2,0,2,2,0,0,0,0,0,0,0,341,343,6.9,910,940,18.5
34,Ladakh,0,0,0,0,0,0,0,0,0,0,0,0,0,0,0,0,0,0,0,0,0,0,0,0,0,0,0,0,0,0,4,5,4.7,4,5,4.7,4,5,4.7,0,0,0,0,0,0,0,0,0,0,0,0,0,0,0,0,0,0,0,0,0,0,0,0,0,0,0,0,0,0,0,0,0,0,0,0,0,0,0,0,0,0,0,0,0,0,0,0,0,0,0,0,0,0,0,0,0,0,0,0,4,5,4.7,3,3,3.5,3,3,3.5,3,3,3.5,0,0,0,0,0,0,0,0,0,0,0,0,0,0,0,0,0,0,0,0,0,0,0,0,0,0,0,0,0,0,0,0,0,0,0,0,0,0,0,0,0,0,0,0,0,0,0,0,0,0,0,0,0,0,0,0,0,0,0,0,0,0,0,0,0,0,0,0,0,0,0,0,0,0,0,0,0,0,0,0,0,0,0,0,0,0,0,0,0,0,3,3,3.5,7,8,8.3
35,Lakshadweep,0,0,0,0,0,0,0,0,0,0,0,0,0,0,0,0,0,0,0,0,0,0,0,0,0,0,0,0,0,0,0,0,0,0,0,0,0,0,0,0,0,0,0,0,0,0,0,0,0,0,0,0,0,0,0,0,0,0,0,0,0,0,0,0,0,0,0,0,0,0,0,0,0,0,0,0,0,0,0,0,0,0,0,0,0,0,0,0,0,0,0,0,0,0,0,0,0,0,0,0,0,0,11,11,55.3,2,2,10,1,1,5,1,1,5,5,5,25.1,5,5,25.1,0,0,0,1,1,5,0,0,0,1,1,5,2,2,10,2,2,10,0,0,0,0,0,0,0,0,0,0,0,0,1,1,5,1,1,5,0,0,0,0,0,0,0,0,0,0,0,0,0,0,0,0,0,0,0,0,0,0,0,0,0,0,0,0,0,0,0,0,0,0,0,0,0,0,0,0,0,0,0,0,0,11,11,55.3,11,11,55.3
36,Puducherry,2,2,0.6,0,0,0,2,2,0.6,1,1,0.3,0,0,0,0,0,0,0,0,0,0,0,0,0,0,0,0,0,0,21,21,5.9,20,20,5.6,17,17,4.7,3,3,0.8,0,0,0,0,0,0,0,0,0,0,0,0,0,0,0,0,0,0,1,1,0.3,0,0,0,0,0,0,0,0,0,0,0,0,0,0,0,0,0,0,0,0,0,0,0,0,0,0,0,0,0,0,0,0,0,33,44,9.2,57,68,15.9,93,94,26,57,57,15.9,56,56,15.6,1,1,0.3,26,27,7.3,25,26,7,1,1,0.3,10,10,2.8,10,10,2.8,0,0,0,0,0,0,0,0,0,0,0,0,0,0,0,0,0,0,0,0,0,0,0,0,0,0,0,0,0,0,0,0,0,0,0,0,0,0,0,0,0,0,0,0,0,0,0,0,0,0,0,1,1,0.3,2,2,0.6,0,0,0,3,3,0.8,3,3,0.8,0,0,0,0,0,0,99,100,27.6,156,168,43.5
Total UT (S),Total UT (S),42,46,0.4,3,3,0,39,43,0.3,5,5,0,32,37,0.3,4,4,0,1,1,0,43,46,0.4,79,102,0.7,9,9,0.1,6208,6415,53.8,6071,6278,52.6,3567,3661,30.9,2504,2617,21.7,0,0,0,1,1,0,5,5,0,19,19,0.2,0,0,0,0,0,0,112,112,1,87,756,0.8,0,0,0,0,0,0,0,0,0,0,0,0,0,0,0,0,0,0,72,72,0.6,1,1,0,14,15,0.1,1,1,0,292,346,2.5,6890,7856,59.7,2351,2360,20.4,1458,1462,12.6,1451,1455,12.6,7,7,0.1,676,680,5.9,659,661,5.7,17,19,0.1,67,68,0.6,61,62,0.5,6,6,0.1,25,25,0.2,23,23,0.2,2,2,0,122,122,1.1,10,10,0.1,112,112,1,3,3,0,3,3,0,0,0,0,75,271,0.6,16,25,0.1,59,246,0.5,1,1,0,1,1,0,0,0,0,0,0,0,58,275,0.5,5,5,0,0,0,0,47,48,0.4,37,38,0.3,10,10,0.1,4,4,0,2541,2964,22,9431,10820,81.7
Total All India,Total All India,1219,1384,0.3,89,89,0,1130,1295,0.3,373,384,0.1,290,337,0.1,67,67,0,88,88,0,653,664,0.1,3050,3509,0.7,366,448,0.1,79884,82106,18,58927,60870,13.3,37844,38472,8.5,21083,22398,4.7,65,65,0,57,57,0,89,90,0,14637,14712,3.3,1858,1875,0.4,2,2,0,4249,4435,1,397,1425,0.1,12,12,0,1,1,0,11,11,0,4,4,0,0,0,0,4,4,0,849,852,0.2,94,94,0,1347,1375,0.3,19,19,0,9687,12326,2.2,98399,105094,22.2,67694,68636,15.2,40434,40846,9.1,40046,40423,9,388,423,0.1,22444,22868,5.1,22149,22557,5,295,311,0.1,2826,2910,0.6,2778,2835,0.6,48,75,0,722,727,0.2,698,703,0.2,24,24,0,734,745,0.2,48,49,0,686,696,0.2,534,540,0.1,513,519,0.1,21,21,0,1974,2658,0.4,193,260,0,1781,2398,0.4,34,42,0,23,31,0,2,2,0,9,9,0,1390,2167,0.3,6038,6051,1.4,0,0,0,1681,1736,0.4,1499,1536,0.3,182,200,0,125,137,0,78936,81427,17.8,177335,186521,39.9
